impl,run,wall_seconds,peak_mem_mb,exit
zfy,1,0.162,5.28,0
zfy,2,0.156,5.28,0
zfy,3,0.152,5.28,0
zfy,4,0.151,5.28,0
zfy,5,0.155,5.28,0
zfy,6,0.161,5.28,0
zfy,7,0.167,5.28,0
zfy,8,0.153,5.28,0
zfy,9,0.153,5.28,0
zfy,10,0.155,5.28,0
cpp,1,0.139,5.75,0
cpp,2,0.143,5.76,0
cpp,3,0.147,5.76,0
cpp,4,0.138,5.76,0
cpp,5,0.145,5.77,0
cpp,6,0.143,5.77,0
cpp,7,0.144,5.76,0
cpp,8,0.136,5.76,0
cpp,9,0.144,5.75,0
cpp,10,0.147,5.75,0
rust,1,0.124,5.9,0
rust,2,0.125,5.9,0
rust,3,0.122,5.9,0
rust,4,0.123,5.9,0
rust,5,0.118,5.9,0
rust,6,0.124,5.89,0
rust,7,0.123,5.9,0
rust,8,0.13,5.91,0
rust,9,0.123,5.9,0
rust,10,0.134,5.9,0
python,1,1.616,19.54,0
python,2,1.585,19.98,0
python,3,1.601,19.24,0
python,4,1.616,18.38,0
python,5,1.597,18.62,0
python,6,1.598,18.47,0
python,7,1.632,18.38,0
python,8,1.591,18.89,0
python,9,1.593,19.74,0
python,10,1.613,18.31,0
